<?xml version="1.0" encoding="UTF-8"?>
<project-private xmlns="http://www.netbeans.org/ns/project-private/1">
    <editor-bookmarks xmlns="http://www.netbeans.org/ns/editor-bookmarks/2" lastBookmarkId="0"/>
    <open-files xmlns="http://www.netbeans.org/ns/projectui-open-files/2">
        <group>
            <file>file:/home/flo/Desktop/PDOO_PRACTICAS/practic1_pdoo/java/Irrgarten/src/irrgarten/Labyrinth.java</file>
            <file>file:/home/flo/Desktop/PDOO_PRACTICAS/practic1_pdoo/java/Irrgarten/src/irrgarten/Irrgarten.java</file>
            <file>file:/home/flo/Desktop/PDOO_PRACTICAS/practic1_pdoo/java/Irrgarten/src/irrgarten/Player.java</file>
            <file>file:/home/flo/Desktop/PDOO_PRACTICAS/practic1_pdoo/java/Irrgarten/src/irrgarten/TestP1.java</file>
            <file>file:/home/flo/Desktop/PDOO_PRACTICAS/practic1_pdoo/java/Irrgarten/src/irrgarten/Orientation.java</file>
            <file>file:/home/flo/Desktop/PDOO_PRACTICAS/practic1_pdoo/java/Irrgarten/src/irrgarten/PlayerSquare.java</file>
            <file>file:/home/flo/Desktop/PDOO_PRACTICAS/practic1_pdoo/java/Irrgarten/src/irrgarten/Dice.java</file>
            <file>file:/home/flo/Desktop/PDOO_PRACTICAS/practic1_pdoo/java/Irrgarten/src/irrgarten/MonsterSquare.java</file>
            <file>file:/home/flo/Desktop/PDOO_PRACTICAS/practic1_pdoo/java/Irrgarten/src/irrgarten/Shield.java</file>
            <file>file:/home/flo/Desktop/PDOO_PRACTICAS/practic1_pdoo/java/Irrgarten/src/irrgarten/GameCharacter.java</file>
            <file>file:/home/flo/Desktop/PDOO_PRACTICAS/practic1_pdoo/java/Irrgarten/src/irrgarten/Monster.java</file>
            <file>file:/home/flo/Desktop/PDOO_PRACTICAS/practic1_pdoo/java/Irrgarten/src/irrgarten/GameState.java</file>
            <file>file:/home/flo/Desktop/PDOO_PRACTICAS/practic1_pdoo/java/Irrgarten/src/irrgarten/LabyrinthSquare.java</file>
            <file>file:/home/flo/Desktop/PDOO_PRACTICAS/practic1_pdoo/java/Irrgarten/src/irrgarten/Game.java</file>
            <file>file:/home/flo/Desktop/PDOO_PRACTICAS/practic1_pdoo/java/Irrgarten/src/irrgarten/Directions.java</file>
            <file>file:/home/flo/Desktop/PDOO_PRACTICAS/practic1_pdoo/java/Irrgarten/src/irrgarten/Weapon.java</file>
        </group>
    </open-files>
</project-private>
